relName,className,SLOC,WMC,CBO,RFC,LCOM5,DIT,NOC,delta_WMC,delta_CBO,delta_RFC,delta_LCOM5,delta_DIT,delta_NOC,%WMC,%CBO,%RFC,%LCOM5,%DIT,%NOC,prevsloc,currsloc,addedsloc,deletedsloc,changedsloc,churnsloc,%added,%deleted,%changed,%churn,bug
math\ConvergenceException.java,org.apache.commons.math.ConvergenceException,15,4,0,16,1.333333333,2,3,0,0,4,0,0,3,0,0,0.235294118,0,0,0.75,15,15,0,0,9,9,0,0,0.6,0.6,0
math\FunctionEvaluationException.java,org.apache.commons.math.FunctionEvaluationException,45,9,1,22,0.5625,2,1,5,1,10,0.4375,0,1,0.5,0.5,0.434782609,0.28,0,0.5,18,45,27,0,11,38,0.6,0,0.244444444,0.844444444,0
math\MathConfigurationException.java,org.apache.commons.math.MathConfigurationException,15,4,0,16,1.333333333,2,0,0,0,4,0,0,0,0,0,0.235294118,0,0,0,17,15,0,2,9,9,0,0.133333333,0.6,0.6,0
math\MathException.java,org.apache.commons.math.MathException,64,18,0,12,0.795454545,1,13,8,0,4,0.097402597,0,10,0.421052632,0,0.307692308,0.054249548,0,0.714285714,53,64,20,9,21,41,0.3125,0.140625,0.328125,0.640625,0
math\complex\Complex.java,org.apache.commons.math.complex.Complex,278,71,2,38,0.75,0,0,37,1,23,0.024725275,0,0,0.513888889,0.333333333,0.58974359,0.014128728,0,0,138,278,143,3,12,155,0.514388489,0.010791367,0.043165468,0.557553957,1
math\complex\ComplexFormat.java,org.apache.commons.math.complex.ComplexFormat,152,35,2,35,0.96,2,0,16,1,4,0.01037037,1,0,0.444444444,0.333333333,0.111111111,0.005291005,0.333333333,0,231,152,4,83,9,13,0.026315789,0.546052632,0.059210526,0.085526316,1
math\complex\ComplexUtils.java,org.apache.commons.math.complex.ComplexUtils,12,3,1,3,,0,0,27,1,27,0,0,0,6.75,0.5,6.75,0,0,0,123,12,0,111,0,0,0,9.25,0,0,0
math\distribution\AbstractContinuousDistribution.java,org.apache.commons.math.distribution.AbstractContinuousDistribution,47,9,4,14,1.25,1,9,0,0,0,0,0,1,0,0,0,0,0,0.1,47,47,1,1,1,2,0.021276596,0.021276596,0.021276596,0.042553191,0
math\distribution\AbstractDistribution.java,org.apache.commons.math.distribution.AbstractDistribution,15,3,1,2,2,0,2,0,0,0,0,0,0,0,0,0,0,0,0,15,15,0,0,0,0,0,0,0,0,0
math\distribution\AbstractIntegerDistribution.java,org.apache.commons.math.distribution.AbstractIntegerDistribution,74,19,1,10,1.125,1,5,3,0,0,0.017857143,0,2,0.15,0,0,0.008403361,0,0.333333333,60,74,14,0,0,14,0.189189189,0,0,0.189189189,0
math\distribution\BinomialDistributionImpl.java,org.apache.commons.math.distribution.BinomialDistributionImpl,73,17,3,39,0.962962963,2,0,0,0,10,0,0,0,0,0,0.25,0,0,0,73,73,0,0,0,0,0,0,0,0,0
math\distribution\CauchyDistributionImpl.java,org.apache.commons.math.distribution.CauchyDistributionImpl,76,19,0,25,0.833333333,2,0,0,0,0,0,0,0,0,0,0,0,0,0,76,76,0,0,0,0,0,0,0,0,0
math\distribution\ChiSquaredDistributionImpl.java,org.apache.commons.math.distribution.ChiSquaredDistributionImpl,63,16,3,29,0.954545455,2,0,2,0,1,0.045454545,0,0,0.117647059,0,0.033333333,0.023255814,0,0,57,63,6,0,5,11,0.095238095,0,0.079365079,0.174603175,0
math\distribution\ExponentialDistributionImpl.java,org.apache.commons.math.distribution.ExponentialDistributionImpl,62,16,1,23,1,2,0,2,0,1,0,0,0,0.117647059,0,0.041666667,0,0,0,56,62,6,0,0,6,0.096774194,0,0,0.096774194,0
math\distribution\FDistributionImpl.java,org.apache.commons.math.distribution.FDistributionImpl,70,16,2,36,0.962962963,2,0,1,0,5,0,0,0,0.058823529,0,0.135135135,0,0,0,57,70,26,13,35,61,0.371428571,0.185714286,0.5,0.871428571,1
math\distribution\GammaDistributionImpl.java,org.apache.commons.math.distribution.GammaDistributionImpl,73,19,2,38,0.966666667,2,0,2,0,7,0.003703704,0,0,0.1,0,0.179487179,0.001883239,0,0,69,73,4,0,0,4,0.054794521,0,0,0.054794521,0
math\distribution\HypergeometricDistributionImpl.java,org.apache.commons.math.distribution.HypergeometricDistributionImpl,131,28,1,35,0.96875,2,0,0,0,7,0,0,0,0,0,0.194444444,0,0,0,131,131,0,0,0,0,0,0,0,0,0
math\distribution\NormalDistributionImpl.java,org.apache.commons.math.distribution.NormalDistributionImpl,88,22,3,39,0.931818182,2,0,4,1,7,0.031818182,0,0,0.173913043,0.25,0.175,0.016470588,0,0,73,88,15,0,2,17,0.170454545,0,0.022727273,0.193181818,0
math\distribution\PoissonDistributionImpl.java,org.apache.commons.math.distribution.PoissonDistributionImpl,54,14,5,40,0.851851852,2,0,2,0,10,0.005291005,0,0,0.133333333,0,0.243902439,0.002857143,0,0,48,55,10,3,0,10,0.181818182,0.054545455,0,0.181818182,0
math\distribution\TDistributionImpl.java,org.apache.commons.math.distribution.TDistributionImpl,56,13,2,34,1,2,0,0,0,5,0,0,0,0,0,0.142857143,0,0,0,56,56,0,0,0,0,0,0,0,0,0
math\distribution\WeibullDistributionImpl.java,org.apache.commons.math.distribution.WeibullDistributionImpl,63,16,0,24,0.962962963,2,0,0,0,0,0,0,0,0,0,0,0,0,0,63,63,0,0,0,0,0,0,0,0,0
math\fraction\Fraction.java,org.apache.commons.math.fraction.Fraction,264,61,3,32,0.896103896,1,0,4,1,6,0.077056277,0,0,0.064516129,0.25,0.181818182,0.040639269,0,0,238,264,40,14,32,72,0.151515152,0.053030303,0.121212121,0.272727273,1
math\fraction\FractionFormat.java,org.apache.commons.math.fraction.FractionFormat,101,22,5,45,1.076923077,2,1,13,2,13,0.124542125,1,0,0.565217391,0.333333333,0.282608696,0.059964727,0.333333333,0,159,101,5,63,33,38,0.04950495,0.623762376,0.326732673,0.376237624,0
math\fraction\ProperFractionFormat.java,org.apache.commons.math.fraction.ProperFractionFormat,95,17,3,53,1,3,0,2,1,16,0,1,0,0.111111111,0.25,0.296296296,0,0.25,0,87,95,8,0,3,11,0.084210526,0,0.031578947,0.115789474,0
math\linear\BigMatrixImpl.java,org.apache.commons.math.linear.BigMatrixImpl,796,197,6,72,0.9,0,0,21,3,11,0.003508772,0,0,0.106060606,0.428571429,0.150684932,0.001846722,0,0,660,796,171,35,177,348,0.214824121,0.043969849,0.222361809,0.43718593,1
math\linear\InvalidMatrixException.java,org.apache.commons.math.linear.InvalidMatrixException,9,2,0,23,2,2,2,0,0,21,0,1,2,0,0,0.875,0,0.333333333,0.666666667,9,9,0,0,6,6,0,0,0.666666667,0.666666667,0
math\linear\MatrixIndexException.java,org.apache.commons.math.linear.MatrixIndexException,6,1,0,22,0,2,0,1,0,20,2,1,0,0.5,0,0.869565217,2,0.333333333,0,9,6,0,3,4,4,0,0.5,0.666666667,0.666666667,0
math\linear\MatrixUtils.java,org.apache.commons.math.linear.MatrixUtils,111,29,6,46,,0,0,4,2,12,0,0,0,0.133333333,0.285714286,0.255319149,0,0,0,93,111,22,4,40,62,0.198198198,0.036036036,0.36036036,0.558558559,0
math\linear\RealMatrixImpl.java,org.apache.commons.math.linear.RealMatrixImpl,377,87,5,116,0.651515152,1,0,54,1,68,0.212825934,1,0,0.613636364,0.166666667,0.581196581,0.128867079,0.5,0,533,377,102,258,172,274,0.270557029,0.684350133,0.456233422,0.726790451,1
math\random\AbstractRandomGenerator.java,org.apache.commons.math.random.AbstractRandomGenerator,66,20,0,11,1,0,0,0,0,0,0.1,0,0,0,0,0,0.05,0,0,65,66,1,0,0,1,0.015151515,0,0,0.015151515,0
math\random\EmpiricalDistributionImpl.java,org.apache.commons.math.random.EmpiricalDistributionImpl,231,37,9,34,0.821428571,0,0,6,1,1,0.011904762,0,0,0.157894737,0.1,0.028571429,0.006535948,0,0,223,231,16,8,21,37,0.069264069,0.034632035,0.090909091,0.16017316,0
math\random\JDKRandomGenerator.java,org.apache.commons.math.random.JDKRandomGenerator,3,0,0,0,,1,0,0,0,0,0,0,0,0,0,0,0,0,0,2,3,1,0,0,1,0.333333333,0,0,0.333333333,0
math\random\RandomAdaptor.java,org.apache.commons.math.random.RandomAdaptor,41,13,0,12,0.636363636,1,0,0,0,0,0.454545455,0,0,0,0,0,0.277777778,0,0,39,41,2,0,0,2,0.048780488,0,0,0.048780488,0
math\random\RandomDataImpl.java,org.apache.commons.math.random.RandomDataImpl,241,58,2,23,0.924242424,0,0,0,0,0,0,0,0,0,0,0,0,0,0,239,241,2,0,6,8,0.008298755,0,0.024896266,0.033195021,0
math\random\ValueServer.java,org.apache.commons.math.random.ValueServer,138,39,6,30,0.91638796,0,0,1,1,4,0.003344482,0,0,0.025,0.142857143,0.129032258,0.001745201,0,0,130,138,8,0,5,13,0.057971014,0,0.036231884,0.094202899,0
math\special\Beta.java,org.apache.commons.math.special.Beta,73,10,3,16,0.916666667,0,0,0,0,5,0.25,0,0,0,0,0.294117647,0.130434783,0,0,71,73,2,0,1,3,0.02739726,0,0.01369863,0.04109589,0
math\special\Erf.java,org.apache.commons.math.special.Erf,13,3,2,14,2,0,0,0,0,6,2,0,0,0,0,0.4,0.666666667,0,0,12,13,1,0,0,1,0.076923077,0,0,0.076923077,0
math\special\Gamma.java,org.apache.commons.math.special.Gamma,111,16,3,15,1,0,0,0,0,6,0.066666667,0,0,0,0,0.375,0.033333333,0,0,110,111,2,1,2,4,0.018018018,0.009009009,0.018018018,0.036036036,0
math\stat\Frequency.java,org.apache.commons.math.stat.Frequency,175,46,1,27,0.865384615,0,0,0,0,0,0,0,0,0,0,0,0,0,0,174,175,1,0,20,21,0.005714286,0,0.114285714,0.12,2
math\stat\StatUtils.java,org.apache.commons.math.stat.StatUtils,123,30,12,48,0.952,0,0,0,0,1,0,0,0,0,0,0.020408163,0,0,0,124,124,0,0,0,0,0,0,0,0,0
math\stat\descriptive\AbstractStorelessUnivariateStatistic.java,org.apache.commons.math.stat.descriptive.AbstractStorelessUnivariateStatistic,49,17,1,14,1.111111111,1,13,1,0,2,0.013888889,0,0,0.055555556,0,0.133333333,0.006578947,0,0,49,50,1,0,0,1,0.02,0,0,0.02,0
math\stat\descriptive\AbstractUnivariateStatistic.java,org.apache.commons.math.stat.descriptive.AbstractUnivariateStatistic,31,9,0,4,1.333333333,0,2,1,0,1,0.166666667,0,0,0.1,0,0.2,0.071428571,0,0,31,32,1,0,0,1,0.03125,0,0,0.03125,0
math\stat\descriptive\DescriptiveStatistics.java,org.apache.commons.math.stat.descriptive.DescriptiveStatistics,246,63,12,71,0.936170213,0,1,37,0,24,0.109284333,0,0,0.578125,0,0.333333333,0.056443556,0,0,86,246,169,9,33,202,0.68699187,0.036585366,0.134146341,0.821138211,0
math\stat\descriptive\StatisticalSummaryValues.java,org.apache.commons.math.stat.descriptive.StatisticalSummaryValues,65,12,1,12,0.904761905,0,0,0,0,0,0,0,0,0,0,0,0,0,0,65,65,0,0,0,0,0,0,0,0,0
math\stat\descriptive\SummaryStatistics.java,org.apache.commons.math.stat.descriptive.SummaryStatistics,282,58,13,69,0.923976608,0,1,39,10,41,0.142690058,0,0,0.661016949,0.714285714,0.585714286,0.074164134,0,0,64,282,230,12,25,255,0.815602837,0.042553191,0.088652482,0.904255319,0
math\stat\descriptive\moment\FirstMoment.java,org.apache.commons.math.stat.descriptive.moment.FirstMoment,51,9,0,22,0.628571429,2,1,3,0,5,0.078571429,0,0,0.3,0,0.217391304,0.048245614,0,0,36,51,15,0,0,15,0.294117647,0,0,0.294117647,0
math\stat\descriptive\moment\FourthMoment.java,org.apache.commons.math.stat.descriptive.moment.FourthMoment,42,8,0,40,0.75,5,0,3,0,14,0.083333333,0,0,0.333333333,0,0.341463415,0.047619048,0,0,29,42,13,0,0,13,0.30952381,0,0,0.30952381,0
math\stat\descriptive\moment\GeometricMean.java,org.apache.commons.math.stat.descriptive.moment.GeometricMean,57,15,2,31,0.666666667,2,0,8,1,7,0.066666667,0,0,0.5,0.333333333,0.21875,0.04,0,0,28,58,30,0,1,31,0.517241379,0,0.017241379,0.534482759,0
math\stat\descriptive\moment\Kurtosis.java,org.apache.commons.math.stat.descriptive.moment.Kurtosis,81,16,5,47,0.666666667,2,0,3,1,13,0.055555556,0,0,0.176470588,0.166666667,0.270833333,0.033333333,0,0,69,81,12,0,4,16,0.148148148,0,0.049382716,0.197530864,0
math\stat\descriptive\moment\Mean.java,org.apache.commons.math.stat.descriptive.moment.Mean,55,14,2,32,0.666666667,2,0,4,0,7,0.055555556,0,0,0.266666667,0,0.212121212,0.033333333,0,0,37,55,18,0,1,19,0.327272727,0,0.018181818,0.345454545,0
math\stat\descriptive\moment\SecondMoment.java,org.apache.commons.math.stat.descriptive.moment.SecondMoment,35,8,0,28,0.666666667,3,1,3,0,8,0,0,0,0.333333333,0,0.275862069,0,0,0,22,35,13,0,0,13,0.371428571,0,0,0.371428571,0
math\stat\descriptive\moment\Skewness.java,org.apache.commons.math.stat.descriptive.moment.Skewness,75,17,4,43,0.666666667,2,0,3,0,10,0.055555556,0,0,0.166666667,0,0.227272727,0.033333333,0,0,63,75,12,0,0,12,0.16,0,0,0.16,0
math\stat\descriptive\moment\StandardDeviation.java,org.apache.commons.math.stat.descriptive.moment.StandardDeviation,59,17,2,58,0.59375,2,0,3,0,10,0.055288462,0,0,0.166666667,0,0.169491525,0.034690799,0,0,48,59,11,0,0,11,0.186440678,0,0,0.186440678,0
math\stat\descriptive\moment\ThirdMoment.java,org.apache.commons.math.stat.descriptive.moment.ThirdMoment,41,8,0,34,0.666666667,4,1,3,0,11,0.111111111,0,0,0.333333333,0,0.314285714,0.066666667,0,0,28,41,13,0,0,13,0.317073171,0,0,0.317073171,0
math\stat\descriptive\moment\Variance.java,org.apache.commons.math.stat.descriptive.moment.Variance,115,31,3,42,0.734375,2,0,3,0,8,0.003605769,0,0,0.09375,0,0.186046512,0.002079002,0,0,101,115,16,2,4,20,0.139130435,0.017391304,0.034782609,0.173913043,0
math\stat\descriptive\rank\Max.java,org.apache.commons.math.stat.descriptive.rank.Max,49,14,0,23,0.708333333,2,0,3,0,5,0.041666667,0,0,0.2,0,0.208333333,0.024390244,0,0,37,49,12,0,0,12,0.244897959,0,0,0.244897959,0
math\stat\descriptive\rank\Median.java,org.apache.commons.math.stat.descriptive.rank.Median,8,2,0,16,2,2,0,1,0,5,2,0,0,0.333333333,0,0.294117647,0.666666667,0,0,6,9,3,0,0,3,0.333333333,0,0,0.333333333,0
math\stat\descriptive\rank\Min.java,org.apache.commons.math.stat.descriptive.rank.Min,49,14,0,23,0.708333333,2,0,3,0,5,0.041666667,0,0,0.2,0,0.208333333,0.024390244,0,0,37,49,12,0,0,12,0.244897959,0,0,0.244897959,0
math\stat\descriptive\rank\Percentile.java,org.apache.commons.math.stat.descriptive.rank.Percentile,67,16,0,14,0.888888889,1,1,3,0,4,0.027777778,0,0,0.176470588,0,0.266666667,0.014705882,0,0,56,67,11,0,0,11,0.164179104,0,0,0.164179104,0
math\stat\descriptive\summary\Product.java,org.apache.commons.math.stat.descriptive.summary.Product,49,12,0,23,0.708333333,2,0,3,0,5,0.041666667,0,0,0.230769231,0,0.208333333,0.024390244,0,0,37,49,12,0,0,12,0.244897959,0,0,0.244897959,0
math\stat\descriptive\summary\Sum.java,org.apache.commons.math.stat.descriptive.summary.Sum,49,12,0,23,0.708333333,2,0,3,0,5,0.041666667,0,0,0.230769231,0,0.208333333,0.024390244,0,0,37,49,12,0,0,12,0.244897959,0,0,0.244897959,0
math\stat\descriptive\summary\SumOfLogs.java,org.apache.commons.math.stat.descriptive.summary.SumOfLogs,49,12,0,23,0.666666667,2,0,3,0,5,0.066666667,0,0,0.230769231,0,0.208333333,0.04,0,0,37,49,12,0,0,12,0.244897959,0,0,0.244897959,0
math\stat\descriptive\summary\SumOfSquares.java,org.apache.commons.math.stat.descriptive.summary.SumOfSquares,49,12,0,23,0.708333333,2,0,3,0,5,0.041666667,0,0,0.230769231,0,0.208333333,0.024390244,0,0,37,49,12,0,0,12,0.244897959,0,0,0.244897959,0
math\stat\inference\ChiSquareTestImpl.java,org.apache.commons.math.stat.inference.ChiSquareTestImpl,210,51,4,27,0.8125,0,0,15,0,10,0.1875,0,0,0.288461538,0,0.357142857,0.103448276,0,0,134,210,87,11,9,96,0.414285714,0.052380952,0.042857143,0.457142857,0
math\stat\inference\TTestImpl.java,org.apache.commons.math.stat.inference.TTestImpl,236,49,6,51,0.896551724,0,0,0,0,1,0.103448276,0,0,0,0,0.019230769,0.054545455,0,0,239,236,5,8,12,17,0.021186441,0.033898305,0.050847458,0.072033898,0
math\stat\inference\TestUtils.java,org.apache.commons.math.stat.inference.TestUtils,174,41,9,41,0.775,0,0,12,4,12,0.239285714,0,0,0.285714286,0.4,0.285714286,0.134808853,0,0,127,174,47,0,2,49,0.270114943,0,0.011494253,0.281609195,0
math\stat\regression\SimpleRegression.java,org.apache.commons.math.stat.regression.SimpleRegression,166,41,5,31,0.846153846,0,0,9,0,3,0.037904125,0,0,0.214285714,0,0.09375,0.020531401,0,0,130,166,43,7,7,50,0.259036145,0.042168675,0.042168675,0.301204819,0
math\util\ContinuedFraction.java,org.apache.commons.math.util.ContinuedFraction,62,12,3,12,1,0,0,0,1,5,0,0,0,0,0.25,0.384615385,0,0,0,61,62,1,0,4,5,0.016129032,0,0.064516129,0.080645161,0
math\util\DefaultTransformer.java,org.apache.commons.math.util.DefaultTransformer,17,4,1,1,0,0,0,0,0,1,0,0,0,0,0,0.5,0,0,0,16,17,1,0,2,3,0.058823529,0,0.117647059,0.176470588,0
math\util\MathUtils.java,org.apache.commons.math.util.MathUtils,522,161,1,48,0.990909091,0,0,63,1,15,0.022159091,0,0,0.388888889,0.5,0.306122449,0.011130137,0,0,285,522,238,1,32,270,0.455938697,0.001915709,0.061302682,0.517241379,3
math\util\ResizableDoubleArray.java,org.apache.commons.math.util.ResizableDoubleArray,308,64,1,42,0.797297297,0,0,14,1,13,0.024131274,0,0,0.215384615,0.5,0.302325581,0.013426423,0,0,228,308,86,6,37,123,0.279220779,0.019480519,0.12012987,0.399350649,0
math\util\TransformerMap.java,org.apache.commons.math.util.TransformerMap,45,12,3,10,0.703703704,0,0,0,1,0,0,0,0,0,0.25,0,0,0,0,45,45,0,0,9,9,0,0,0.2,0.2,0
math\ArgumentOutsideDomainException.java,org.apache.commons.math.ArgumentOutsideDomainException,7,1,0,23,0,3,0,1,0,23,0,3,0,1,1,1,1,1,1,0,7,7,0,0,7,1,0,0,1,0
math\ConvergingAlgorithmImpl.java,org.apache.commons.math.ConvergingAlgorithmImpl,50,11,0,11,0.85,0,3,11,0,11,0.85,0,3,1,1,1,1,1,1,0,50,50,0,0,50,1,0,0,1,0
math\DimensionMismatchException.java,org.apache.commons.math.DimensionMismatchException,16,3,0,15,0.833333333,2,0,3,0,15,0.833333333,2,0,1,1,1,1,1,1,0,16,16,0,0,16,1,0,0,1,0
math\DuplicateSampleAbscissaException.java,org.apache.commons.math.DuplicateSampleAbscissaException,10,2,0,14,2,2,0,2,0,14,2,2,0,1,1,1,1,1,1,0,10,10,0,0,10,1,0,0,1,0
math\MathRuntimeException.java,org.apache.commons.math.MathRuntimeException,148,27,0,21,0.9125,1,3,27,0,21,0.9125,1,3,1,1,1,1,1,1,0,148,148,0,0,148,1,0,0,1,0
math\MaxIterationsExceededException.java,org.apache.commons.math.MaxIterationsExceededException,16,3,0,19,0.75,3,0,3,0,19,0.75,3,0,1,1,1,1,1,1,0,16,16,0,0,16,1,0,0,1,0
math\MessagesResources_fr.java,org.apache.commons.math.MessagesResources_fr,315,2,0,2,1,1,0,2,0,2,1,1,0,1,1,1,1,1,1,0,315,315,0,0,315,1,0,0,1,0
math\analysis\integration\LegendreGaussIntegrator.java,org.apache.commons.math.analysis.integration.LegendreGaussIntegrator,120,12,5,30,0.939393939,2,0,12,5,30,0.939393939,2,0,1,1,1,1,1,1,0,120,120,0,0,120,1,0,0,1,0
math\analysis\integration\RombergIntegrator.java,org.apache.commons.math.analysis.integration.RombergIntegrator,55,10,5,33,1.25,2,0,10,5,33,1.25,2,0,1,1,1,1,1,1,0,55,55,0,0,55,1,0,0,1,0
math\analysis\integration\SimpsonIntegrator.java,org.apache.commons.math.analysis.integration.SimpsonIntegrator,57,10,5,33,1.25,2,0,10,5,33,1.25,2,0,1,1,1,1,1,1,0,57,57,0,0,57,1,0,0,1,0
math\analysis\integration\TrapezoidIntegrator.java,org.apache.commons.math.analysis.integration.TrapezoidIntegrator,69,12,4,32,1.1,2,0,12,4,32,1.1,2,0,1,1,1,1,1,1,0,69,69,0,0,69,1,0,0,1,0
math\analysis\integration\UnivariateRealIntegratorImpl.java,org.apache.commons.math.analysis.integration.UnivariateRealIntegratorImpl,72,14,2,25,0.833333333,1,4,14,2,25,0.833333333,1,4,1,1,1,1,1,1,0,72,72,0,0,72,1,0,0,1,0
math\analysis\interpolation\DividedDifferenceInterpolator.java,org.apache.commons.math.analysis.interpolation.DividedDifferenceInterpolator,41,7,4,6,2,0,0,7,4,6,2,0,0,1,1,1,1,1,1,0,41,41,0,0,41,1,0,0,1,0
math\analysis\interpolation\NevilleInterpolator.java,org.apache.commons.math.analysis.interpolation.NevilleInterpolator,10,1,3,3,0,0,0,1,3,3,0,0,0,1,1,1,1,1,1,0,10,10,0,0,10,1,0,0,1,0
math\analysis\interpolation\SplineInterpolator.java,org.apache.commons.math.analysis.interpolation.SplineInterpolator,52,9,3,4,,0,0,9,3,4,,0,0,1,1,1,1,1,1,0,52,52,0,0,52,1,0,0,1,0
math\analysis\polynomials\PolynomialFunction.java,org.apache.commons.math.analysis.polynomials.PolynomialFunction,142,37,0,13,0.666666667,0,0,37,0,13,0.666666667,0,0,1,1,1,1,1,1,0,142,142,0,0,142,1,0,0,1,0
math\analysis\polynomials\PolynomialFunctionLagrangeForm.java,org.apache.commons.math.analysis.polynomials.PolynomialFunctionLagrangeForm,138,29,4,15,0.775,0,0,29,4,15,0.775,0,0,1,1,1,1,1,1,0,138,138,0,0,138,1,0,0,1,0
math\analysis\polynomials\PolynomialFunctionNewtonForm.java,org.apache.commons.math.analysis.polynomials.PolynomialFunctionNewtonForm,76,16,1,9,0.775,0,0,16,1,9,0.775,0,0,1,1,1,1,1,1,0,76,76,0,0,76,1,0,0,1,0
math\analysis\polynomials\PolynomialSplineFunction.java,org.apache.commons.math.analysis.polynomials.PolynomialSplineFunction,70,17,2,14,0.642857143,0,0,17,2,14,0.642857143,0,0,1,1,1,1,1,1,0,70,70,0,0,70,1,0,0,1,0
math\analysis\polynomials\PolynomialsUtils.java,org.apache.commons.math.analysis.polynomials.PolynomialsUtils,112,11,3,24,1,0,0,11,3,24,1,0,0,1,1,1,1,1,1,0,112,112,0,0,112,1,0,0,1,0
math\analysis\solvers\BisectionSolver.java,org.apache.commons.math.analysis.solvers.BisectionSolver,50,9,4,39,1.2,2,0,9,4,39,1.2,2,0,1,1,1,1,1,1,0,50,50,0,0,50,1,0,0,1,0
math\analysis\solvers\BrentSolver.java,org.apache.commons.math.analysis.solvers.BrentSolver,161,29,4,39,1.166666667,2,0,29,4,39,1.166666667,2,0,1,1,1,1,1,1,0,161,161,0,0,161,1,0,0,1,2
math\analysis\solvers\LaguerreSolver.java,org.apache.commons.math.analysis.solvers.LaguerreSolver,182,35,7,60,0.9,2,0,35,7,60,0.9,2,0,1,1,1,1,1,1,0,182,182,0,0,182,1,0,0,1,0
math\analysis\solvers\MullerSolver.java,org.apache.commons.math.analysis.solvers.MullerSolver,150,33,5,41,1.142857143,2,0,33,5,41,1.142857143,2,0,1,1,1,1,1,1,0,150,150,0,0,150,1,0,0,1,0
math\analysis\solvers\NewtonSolver.java,org.apache.commons.math.analysis.solvers.NewtonSolver,51,9,6,39,1.2,2,0,9,6,39,1.2,2,0,1,1,1,1,1,1,0,51,51,0,0,51,1,0,0,1,0
math\analysis\solvers\RiddersSolver.java,org.apache.commons.math.analysis.solvers.RiddersSolver,86,19,5,39,1.2,2,0,19,5,39,1.2,2,0,1,1,1,1,1,1,0,86,86,0,0,86,1,0,0,1,0
math\analysis\solvers\SecantSolver.java,org.apache.commons.math.analysis.solvers.SecantSolver,84,14,4,38,1.2,2,0,14,4,38,1.2,2,0,1,1,1,1,1,1,0,84,84,0,0,84,1,0,0,1,0
math\analysis\solvers\UnivariateRealSolverFactory.java,org.apache.commons.math.analysis.solvers.UnivariateRealSolverFactory,12,7,2,8,,0,1,7,2,8,,0,1,1,1,1,1,1,1,0,12,12,0,0,12,1,0,0,1,0
math\analysis\solvers\UnivariateRealSolverFactoryImpl.java,org.apache.commons.math.analysis.solvers.UnivariateRealSolverFactoryImpl,19,6,5,14,,1,0,6,5,14,,1,0,1,1,1,1,1,1,0,19,19,0,0,19,1,0,0,1,0
math\analysis\solvers\UnivariateRealSolverImpl.java,org.apache.commons.math.analysis.solvers.UnivariateRealSolverImpl,102,21,3,31,0.895238095,1,7,21,3,31,0.895238095,1,7,1,1,1,1,1,1,0,102,102,0,0,102,1,0,0,1,0
math\analysis\solvers\UnivariateRealSolverUtils.java,org.apache.commons.math.analysis.solvers.UnivariateRealSolverUtils,72,14,6,10,0.666666667,0,0,14,6,10,0.666666667,0,0,1,1,1,1,1,1,0,72,72,0,0,72,1,0,0,1,1
math\distribution\BetaDistributionImpl.java,org.apache.commons.math.distribution.BetaDistributionImpl,81,23,3,38,0.729166667,2,0,23,3,38,0.729166667,2,0,1,1,1,1,1,1,0,81,81,0,0,81,1,0,0,1,0
math\distribution\PascalDistributionImpl.java,org.apache.commons.math.distribution.PascalDistributionImpl,71,16,3,39,0.962962963,2,0,16,3,39,0.962962963,2,0,1,1,1,1,1,1,0,71,71,0,0,71,1,0,0,1,0
math\distribution\ZipfDistributionImpl.java,org.apache.commons.math.distribution.ZipfDistributionImpl,62,16,1,23,0.777777778,2,0,16,1,23,0.777777778,2,0,1,1,1,1,1,1,0,62,62,0,0,62,1,0,0,1,0
math\estimation\AbstractEstimator.java,org.apache.commons.math.estimation.AbstractEstimator,126,25,9,38,0.878787879,0,2,25,9,38,0.878787879,0,2,1,1,1,1,1,1,0,126,126,0,0,126,1,0,0,1,1
math\estimation\EstimatedParameter.java,org.apache.commons.math.estimation.EstimatedParameter,39,8,0,8,0.642857143,0,0,8,0,8,0.642857143,0,0,1,1,1,1,1,1,0,39,39,0,0,39,1,0,0,1,0
math\estimation\EstimationException.java,org.apache.commons.math.estimation.EstimationException,7,1,0,13,0,2,0,1,0,13,0,2,0,1,1,1,1,1,1,0,7,7,0,0,7,1,0,0,1,0
math\estimation\GaussNewtonEstimator.java,org.apache.commons.math.estimation.GaussNewtonEstimator,67,13,11,51,0.75,1,0,13,11,51,0.75,1,0,1,1,1,1,1,1,0,67,67,0,0,67,1,0,0,1,0
math\estimation\LevenbergMarquardtEstimator.java,org.apache.commons.math.estimation.LevenbergMarquardtEstimator,455,97,3,49,0.829059829,1,0,97,3,49,0.829059829,1,0,1,1,1,1,1,1,0,455,455,0,0,455,1,0,0,1,0
math\estimation\SimpleEstimationProblem.java,org.apache.commons.math.estimation.SimpleEstimationProblem,29,8,2,7,0.5,0,0,8,2,7,0.5,0,0,1,1,1,1,1,1,0,29,29,0,0,29,1,0,0,1,0
math\estimation\WeightedMeasurement.java,org.apache.commons.math.estimation.WeightedMeasurement,34,9,1,9,0.78125,0,0,9,1,9,0.78125,0,0,1,1,1,1,1,1,0,34,34,0,0,34,1,0,0,1,0
math\fraction\AbstractFormat.java,org.apache.commons.math.fraction.AbstractFormat,74,18,1,16,0.916666667,1,2,18,1,16,0.916666667,1,2,1,1,1,1,1,1,0,74,74,0,0,74,1,0,0,1,0
math\fraction\BigFraction.java,org.apache.commons.math.fraction.BigFraction,355,87,2,60,0.951357466,1,0,87,2,60,0.951357466,1,0,1,1,1,1,1,1,0,355,355,0,0,355,1,0,0,1,0
math\fraction\BigFractionFormat.java,org.apache.commons.math.fraction.BigFractionFormat,110,25,3,40,1.076923077,2,1,25,3,40,1.076923077,2,1,1,1,1,1,1,1,0,110,110,0,0,110,1,0,0,1,0
math\fraction\FractionConversionException.java,org.apache.commons.math.fraction.FractionConversionException,9,2,0,18,2,3,0,2,0,18,2,3,0,1,1,1,1,1,1,0,9,9,0,0,9,1,0,0,1,0
math\fraction\ProperBigFractionFormat.java,org.apache.commons.math.fraction.ProperBigFractionFormat,100,20,2,44,1,3,0,20,2,44,1,3,0,1,1,1,1,1,1,0,100,100,0,0,100,1,0,0,1,0
math\genetics\ChromosomePair.java,org.apache.commons.math.genetics.ChromosomePair,15,3,1,3,0.5,0,0,3,1,3,0.5,0,0,1,1,1,1,1,1,0,15,15,0,0,15,1,0,0,1,0
math\genetics\GeneticAlgorithm.java,org.apache.commons.math.genetics.GeneticAlgorithm,67,17,6,15,0.909090909,0,0,17,6,15,0.909090909,0,0,1,1,1,1,1,1,0,67,67,0,0,67,1,0,0,1,0
math\geometry\CardanEulerSingularityException.java,org.apache.commons.math.geometry.CardanEulerSingularityException,7,2,0,13,0,2,0,2,0,13,0,2,0,1,1,1,1,1,1,0,7,7,0,0,7,1,0,0,1,0
math\geometry\NotARotationMatrixException.java,org.apache.commons.math.geometry.NotARotationMatrixException,7,1,0,13,0,2,0,1,0,13,0,2,0,1,1,1,1,1,1,0,7,7,0,0,7,1,0,0,1,0
math\geometry\Rotation.java,org.apache.commons.math.geometry.Rotation,507,63,5,40,0.55,0,0,63,5,40,0.55,0,0,1,1,1,1,1,1,0,507,507,0,0,507,1,0,0,1,0
math\geometry\RotationOrder.java,org.apache.commons.math.geometry.RotationOrder,49,5,1,5,1.125,0,0,5,1,5,1.125,0,0,1,1,1,1,1,1,0,49,49,0,0,49,1,0,0,1,0
math\geometry\Vector3D.java,org.apache.commons.math.geometry.Vector3D,183,43,3,35,0.864444444,0,0,43,3,35,0.864444444,0,0,1,1,1,1,1,1,0,183,183,0,0,183,1,0,0,1,0
math\geometry\Vector3DFormat.java,org.apache.commons.math.geometry.Vector3DFormat,128,26,2,32,0.920454545,2,0,26,2,32,0.920454545,2,0,1,1,1,1,1,1,0,128,128,0,0,128,1,0,0,1,0
math\linear\AbstractRealMatrix.java,org.apache.commons.math.linear.AbstractRealMatrix,799,174,12,86,0.928571429,0,3,174,12,86,0.928571429,0,3,1,1,1,1,1,1,0,799,799,0,0,799,1,0,0,1,0
math\linear\DefaultRealMatrixChangingVisitor.java,org.apache.commons.math.linear.DefaultRealMatrixChangingVisitor,13,3,1,3,1.5,0,0,3,1,3,1.5,0,0,1,1,1,1,1,1,0,13,13,0,0,13,1,0,0,1,0
math\linear\DefaultRealMatrixPreservingVisitor.java,org.apache.commons.math.linear.DefaultRealMatrixPreservingVisitor,12,3,1,3,1.5,0,0,3,1,3,1.5,0,0,1,1,1,1,1,1,0,12,12,0,0,12,1,0,0,1,0
math\linear\DenseRealMatrix.java,org.apache.commons.math.linear.DenseRealMatrix,1068,202,8,117,0.498652291,1,0,202,8,117,0.498652291,1,0,1,1,1,1,1,1,0,1068,1068,0,0,1068,1,0,0,1,0
math\linear\MatrixVisitorException.java,org.apache.commons.math.linear.MatrixVisitorException,6,1,0,22,0,2,0,1,0,22,0,2,0,1,1,1,1,1,1,0,6,6,0,0,6,1,0,0,1,0
math\linear\RealVectorFormat.java,org.apache.commons.math.linear.RealVectorFormat,126,29,3,30,0.920454545,2,0,29,3,30,0.920454545,2,0,1,1,1,1,1,1,0,126,126,0,0,126,1,0,0,1,0
math\linear\RealVectorImpl.java,org.apache.commons.math.linear.RealVectorImpl,899,252,6,141,0.697674419,0,0,252,6,141,0.697674419,0,0,1,1,1,1,1,1,0,899,899,0,0,899,1,0,0,1,0
math\linear\SparseRealMatrix.java,org.apache.commons.math.linear.SparseRealMatrix,118,22,3,124,0.767857143,1,0,22,3,124,0.767857143,1,0,1,1,1,1,1,1,0,118,118,0,0,118,1,0,0,1,0
math\linear\SparseRealVector.java,org.apache.commons.math.linear.SparseRealVector,880,227,6,164,0.844262295,0,0,227,6,164,0.844262295,0,0,1,1,1,1,1,1,0,880,880,0,0,880,1,0,0,1,0
math\linear\decomposition\BiDiagonalTransformer.java,org.apache.commons.math.linear.decomposition.BiDiagonalTransformer,228,64,2,17,0.666666667,0,0,64,2,17,0.666666667,0,0,1,1,1,1,1,1,0,228,228,0,0,228,1,0,0,1,0
math\linear\decomposition\CholeskyDecompositionImpl.java,org.apache.commons.math.linear.decomposition.CholeskyDecompositionImpl,194,17,7,22,0.866666667,0,0,17,7,22,0.866666667,0,0,1,1,1,1,1,1,0,194,194,0,0,194,1,0,0,1,1
math\linear\decomposition\EigenDecompositionImpl.java,org.apache.commons.math.linear.decomposition.EigenDecompositionImpl,1159,188,10,58,0.907142857,0,0,188,10,58,0.907142857,0,0,1,1,1,1,1,1,0,1159,1159,0,0,1159,1,0,0,1,0
math\linear\decomposition\LUDecompositionImpl.java,org.apache.commons.math.linear.decomposition.LUDecompositionImpl,259,31,6,19,0.714285714,0,0,31,6,19,0.714285714,0,0,1,1,1,1,1,1,0,259,259,0,0,259,1,0,0,1,0
math\linear\decomposition\NonSquareMatrixException.java,org.apache.commons.math.linear.decomposition.NonSquareMatrixException,7,1,0,24,0,3,0,1,0,24,0,3,0,1,1,1,1,1,1,0,7,7,0,0,7,1,0,0,1,0
math\linear\decomposition\NotPositiveDefiniteMatrixException.java,org.apache.commons.math.linear.decomposition.NotPositiveDefiniteMatrixException,6,1,0,13,0,2,0,1,0,13,0,2,0,1,1,1,1,1,1,0,6,6,0,0,6,1,0,0,1,0
math\linear\decomposition\NotSymmetricMatrixException.java,org.apache.commons.math.linear.decomposition.NotSymmetricMatrixException,6,1,0,13,0,2,0,1,0,13,0,2,0,1,1,1,1,1,1,0,6,6,0,0,6,1,0,0,1,0
math\linear\decomposition\QRDecompositionImpl.java,org.apache.commons.math.linear.decomposition.QRDecompositionImpl,242,27,4,14,0.685714286,0,0,27,4,14,0.685714286,0,0,1,1,1,1,1,1,0,242,242,0,0,242,1,0,0,1,0
math\linear\decomposition\SingularMatrixException.java,org.apache.commons.math.linear.decomposition.SingularMatrixException,6,1,0,24,0,3,0,1,0,24,0,3,0,1,1,1,1,1,1,0,6,6,0,0,6,1,0,0,1,0
math\linear\decomposition\SingularValueDecompositionImpl.java,org.apache.commons.math.linear.decomposition.SingularValueDecompositionImpl,236,30,9,55,0.833333333,0,0,30,9,55,0.833333333,0,0,1,1,1,1,1,1,0,236,236,0,0,236,1,0,0,1,0
math\linear\decomposition\TriDiagonalTransformer.java,org.apache.commons.math.linear.decomposition.TriDiagonalTransformer,131,31,4,18,0.755102041,0,0,31,4,18,0.755102041,0,0,1,1,1,1,1,1,0,131,131,0,0,131,1,0,0,1,0
math\ode\AbstractIntegrator.java,org.apache.commons.math.ode.AbstractIntegrator,106,19,7,28,0.875,0,3,19,7,28,0.875,0,3,1,1,1,1,1,1,0,106,106,0,0,106,1,0,0,1,0
math\ode\ContinuousOutputModel.java,org.apache.commons.math.ode.ContinuousOutputModel,161,34,3,11,0.683333333,0,0,34,3,11,0.683333333,0,0,1,1,1,1,1,1,0,161,161,0,0,161,1,0,0,1,0
math\ode\DerivativeException.java,org.apache.commons.math.ode.DerivativeException,10,2,0,14,2,2,0,2,0,14,2,2,0,1,1,1,1,1,1,0,10,10,0,0,10,1,0,0,1,0
math\ode\FirstOrderConverter.java,org.apache.commons.math.ode.FirstOrderConverter,27,3,2,3,0.583333333,0,0,3,2,3,0.583333333,0,0,1,1,1,1,1,1,0,27,27,0,0,27,1,0,0,1,0
math\ode\IntegratorException.java,org.apache.commons.math.ode.IntegratorException,10,2,0,14,2,2,0,2,0,14,2,2,0,1,1,1,1,1,1,0,10,10,0,0,10,1,0,0,1,0
math\ode\events\CombinedEventsManager.java,org.apache.commons.math.ode.events.CombinedEventsManager,107,31,7,33,0.725,0,0,31,7,33,0.725,0,0,1,1,1,1,1,1,0,107,107,0,0,107,1,0,0,1,0
math\ode\events\EventException.java,org.apache.commons.math.ode.events.EventException,9,2,0,14,2,2,0,2,0,14,2,2,0,1,1,1,1,1,1,0,9,9,0,0,9,1,0,0,1,0
math\ode\events\EventState.java,org.apache.commons.math.ode.events.EventState,141,24,9,25,0.753846154,0,0,24,9,25,0.753846154,0,0,1,1,1,1,1,1,0,141,141,0,0,141,1,0,0,1,0
math\ode\nonstiff\AdamsBashforthIntegrator.java,org.apache.commons.math.ode.nonstiff.AdamsBashforthIntegrator,129,25,9,114,0.875,2,0,25,9,114,0.875,2,0,1,1,1,1,1,1,0,129,129,0,0,129,1,0,0,1,0
math\ode\nonstiff\AdamsBashforthStepInterpolator.java,org.apache.commons.math.ode.nonstiff.AdamsBashforthStepInterpolator,107,26,3,57,0.880952381,2,0,26,3,57,0.880952381,2,0,1,1,1,1,1,1,0,107,107,0,0,107,1,0,0,1,0
math\ode\nonstiff\AdamsMoultonIntegrator.java,org.apache.commons.math.ode.nonstiff.AdamsMoultonIntegrator,144,27,10,116,0.8,2,0,27,10,116,0.8,2,0,1,1,1,1,1,1,0,144,144,0,0,144,1,0,0,1,0
math\ode\nonstiff\AdamsMoultonStepInterpolator.java,org.apache.commons.math.ode.nonstiff.AdamsMoultonStepInterpolator,107,26,4,57,0.880952381,2,0,26,4,57,0.880952381,2,0,1,1,1,1,1,1,0,107,107,0,0,107,1,0,0,1,0
math\ode\nonstiff\AdaptiveStepsizeIntegrator.java,org.apache.commons.math.ode.nonstiff.AdaptiveStepsizeIntegrator,149,30,3,38,0.775,1,2,30,3,38,0.775,1,2,1,1,1,1,1,1,0,149,149,0,0,149,1,0,0,1,0
math\ode\nonstiff\ClassicalRungeKuttaIntegrator.java,org.apache.commons.math.ode.nonstiff.ClassicalRungeKuttaIntegrator,19,1,1,68,0,2,0,1,1,68,0,2,0,1,1,1,1,1,1,0,19,19,0,0,19,1,0,0,1,0
math\ode\nonstiff\ClassicalRungeKuttaStepInterpolator.java,org.apache.commons.math.ode.nonstiff.ClassicalRungeKuttaStepInterpolator,35,5,1,31,1.333333333,2,0,5,1,31,1.333333333,2,0,1,1,1,1,1,1,0,35,35,0,0,35,1,0,0,1,0
math\ode\nonstiff\DormandPrince54Integrator.java,org.apache.commons.math.ode.nonstiff.DormandPrince54Integrator,57,6,1,91,0.909090909,3,0,6,1,91,0.909090909,3,0,1,1,1,1,1,1,0,57,57,0,0,57,1,0,0,1,0
math\ode\nonstiff\DormandPrince54StepInterpolator.java,org.apache.commons.math.ode.nonstiff.DormandPrince54StepInterpolator,95,11,2,33,0.823529412,2,0,11,2,33,0.823529412,2,0,1,1,1,1,1,1,0,95,95,0,0,95,1,0,0,1,0
math\ode\nonstiff\DormandPrince853Integrator.java,org.apache.commons.math.ode.nonstiff.DormandPrince853Integrator,125,7,1,91,0.952380952,3,0,7,1,91,0.952380952,3,0,1,1,1,1,1,1,0,125,125,0,0,125,1,0,0,1,0
math\ode\nonstiff\DormandPrince853StepInterpolator.java,org.apache.commons.math.ode.nonstiff.DormandPrince853StepInterpolator,244,27,3,35,0.967391304,2,0,27,3,35,0.967391304,2,0,1,1,1,1,1,1,0,244,244,0,0,244,1,0,0,1,0
math\ode\nonstiff\EmbeddedRungeKuttaIntegrator.java,org.apache.commons.math.ode.nonstiff.EmbeddedRungeKuttaIntegrator,185,33,8,84,0.83,2,3,33,8,84,0.83,2,3,1,1,1,1,1,1,0,185,185,0,0,185,1,0,0,1,0
math\ode\nonstiff\EulerIntegrator.java,org.apache.commons.math.ode.nonstiff.EulerIntegrator,14,1,1,68,0,2,0,1,1,68,0,2,0,1,1,1,1,1,1,0,14,14,0,0,14,1,0,0,1,0
math\ode\nonstiff\EulerStepInterpolator.java,org.apache.commons.math.ode.nonstiff.EulerStepInterpolator,20,5,1,31,1.333333333,2,0,5,1,31,1.333333333,2,0,1,1,1,1,1,1,0,20,20,0,0,20,1,0,0,1,0
math\ode\nonstiff\GillIntegrator.java,org.apache.commons.math.ode.nonstiff.GillIntegrator,18,1,1,68,0,2,0,1,1,68,0,2,0,1,1,1,1,1,1,0,18,18,0,0,18,1,0,0,1,0
math\ode\nonstiff\GillStepInterpolator.java,org.apache.commons.math.ode.nonstiff.GillStepInterpolator,43,5,1,31,1.111111111,2,0,5,1,31,1.111111111,2,0,1,1,1,1,1,1,0,43,43,0,0,43,1,0,0,1,0
math\ode\nonstiff\GraggBulirschStoerIntegrator.java,org.apache.commons.math.ode.nonstiff.GraggBulirschStoerIntegrator,538,115,9,84,0.904761905,2,0,115,9,84,0.904761905,2,0,1,1,1,1,1,1,0,538,538,0,0,538,1,0,0,1,0
math\ode\nonstiff\GraggBulirschStoerStepInterpolator.java,org.apache.commons.math.ode.nonstiff.GraggBulirschStoerStepInterpolator,202,37,2,32,0.652777778,1,0,37,2,32,0.652777778,1,0,1,1,1,1,1,1,0,202,202,0,0,202,1,0,0,1,0
math\ode\nonstiff\HighamHall54Integrator.java,org.apache.commons.math.ode.nonstiff.HighamHall54Integrator,55,7,1,91,0.833333333,3,0,7,1,91,0.833333333,3,0,1,1,1,1,1,1,0,55,55,0,0,55,1,0,0,1,0
math\ode\nonstiff\HighamHall54StepInterpolator.java,org.apache.commons.math.ode.nonstiff.HighamHall54StepInterpolator,39,5,1,31,1.333333333,2,0,5,1,31,1.333333333,2,0,1,1,1,1,1,1,0,39,39,0,0,39,1,0,0,1,0
math\ode\nonstiff\MidpointIntegrator.java,org.apache.commons.math.ode.nonstiff.MidpointIntegrator,16,1,1,68,0,2,0,1,1,68,0,2,0,1,1,1,1,1,1,0,16,16,0,0,16,1,0,0,1,0
math\ode\nonstiff\MidpointStepInterpolator.java,org.apache.commons.math.ode.nonstiff.MidpointStepInterpolator,26,5,1,31,1.333333333,2,0,5,1,31,1.333333333,2,0,1,1,1,1,1,1,0,26,26,0,0,26,1,0,0,1,0
math\ode\nonstiff\MultistepIntegrator.java,org.apache.commons.math.ode.nonstiff.MultistepIntegrator,131,11,12,51,0.75,1,2,11,12,51,0.75,1,2,1,1,1,1,1,1,0,131,131,0,0,131,1,0,0,1,0
math\ode\nonstiff\MultistepStepInterpolator.java,org.apache.commons.math.ode.nonstiff.MultistepStepInterpolator,63,13,2,28,0.2,1,2,13,2,28,0.2,1,2,1,1,1,1,1,1,0,63,63,0,0,63,1,0,0,1,0
math\ode\nonstiff\RungeKuttaIntegrator.java,org.apache.commons.math.ode.nonstiff.RungeKuttaIntegrator,97,18,8,66,0.333333333,1,5,18,8,66,0.333333333,1,5,1,1,1,1,1,1,0,97,97,0,0,97,1,0,0,1,0
math\ode\nonstiff\RungeKuttaStepInterpolator.java,org.apache.commons.math.ode.nonstiff.RungeKuttaStepInterpolator,59,12,3,27,0.125,1,8,12,3,27,0.125,1,8,1,1,1,1,1,1,0,59,59,0,0,59,1,0,0,1,0
math\ode\nonstiff\ThreeEighthesIntegrator.java,org.apache.commons.math.ode.nonstiff.ThreeEighthesIntegrator,18,1,1,68,0,2,0,1,1,68,0,2,0,1,1,1,1,1,1,0,18,18,0,0,18,1,0,0,1,0
math\ode\nonstiff\ThreeEighthesStepInterpolator.java,org.apache.commons.math.ode.nonstiff.ThreeEighthesStepInterpolator,36,5,1,31,1.333333333,2,0,5,1,31,1.333333333,2,0,1,1,1,1,1,1,0,36,36,0,0,36,1,0,0,1,0
math\ode\sampling\AbstractStepInterpolator.java,org.apache.commons.math.ode.sampling.AbstractStepInterpolator,154,28,2,23,0.677248677,0,4,28,2,23,0.677248677,0,4,1,1,1,1,1,1,0,154,154,0,0,154,1,0,0,1,0
math\ode\sampling\DummyStepHandler.java,org.apache.commons.math.ode.sampling.DummyStepHandler,17,5,1,5,1.125,0,0,5,1,5,1.125,0,0,1,1,1,1,1,1,0,17,17,0,0,17,1,0,0,1,0
math\ode\sampling\DummyStepInterpolator.java,org.apache.commons.math.ode.sampling.DummyStepInterpolator,33,8,2,29,1.166666667,1,0,8,2,29,1.166666667,1,0,1,1,1,1,1,1,0,33,33,0,0,33,1,0,0,1,0
math\ode\sampling\StepNormalizer.java,org.apache.commons.math.ode.sampling.StepNormalizer,52,8,3,4,0.761904762,0,0,8,3,4,0.761904762,0,0,1,1,1,1,1,1,0,52,52,0,0,52,1,0,0,1,0
math\optimization\GoalType.java,org.apache.commons.math.optimization.GoalType,4,2,1,2,2,0,0,2,1,2,2,0,0,1,1,1,1,1,1,0,4,4,0,0,4,1,0,0,1,0
math\optimization\LeastSquaresConverter.java,org.apache.commons.math.optimization.LeastSquaresConverter,66,13,4,7,0.266666667,0,0,13,4,7,0.266666667,0,0,1,1,1,1,1,1,0,66,66,0,0,66,1,0,0,1,0
math\optimization\MultiStartDifferentiableMultivariateRealOptimizer.java,org.apache.commons.math.optimization.MultiStartDifferentiableMultivariateRealOptimizer,93,16,8,18,0.814814815,0,0,16,8,18,0.814814815,0,0,1,1,1,1,1,1,0,93,93,0,0,93,1,0,0,1,0
math\optimization\MultiStartDifferentiableMultivariateVectorialOptimizer.java,org.apache.commons.math.optimization.MultiStartDifferentiableMultivariateVectorialOptimizer,100,16,7,18,0.814814815,0,0,16,7,18,0.814814815,0,0,1,1,1,1,1,1,0,100,100,0,0,100,1,0,0,1,0
math\optimization\MultiStartMultivariateRealOptimizer.java,org.apache.commons.math.optimization.MultiStartMultivariateRealOptimizer,85,15,8,17,0.796875,0,0,15,8,17,0.796875,0,0,1,1,1,1,1,1,0,85,85,0,0,85,1,0,0,1,0
math\optimization\MultiStartUnivariateRealOptimizer.java,org.apache.commons.math.optimization.MultiStartUnivariateRealOptimizer,106,26,7,24,0.819047619,0,0,26,7,24,0.819047619,0,0,1,1,1,1,1,1,0,106,106,0,0,106,1,0,0,1,0
math\optimization\OptimizationException.java,org.apache.commons.math.optimization.OptimizationException,9,2,0,18,2,3,2,2,0,18,2,3,2,1,1,1,1,1,1,0,9,9,0,0,9,1,0,0,1,0
math\optimization\RealPointValuePair.java,org.apache.commons.math.optimization.RealPointValuePair,23,6,0,5,0.666666667,0,0,6,0,5,0.666666667,0,0,1,1,1,1,1,1,0,23,23,0,0,23,1,0,0,1,0
math\optimization\SimpleRealPointChecker.java,org.apache.commons.math.optimization.SimpleRealPointChecker,30,5,2,4,0.7,0,0,5,2,4,0.7,0,0,1,1,1,1,1,1,0,30,30,0,0,30,1,0,0,1,0
math\optimization\SimpleScalarValueChecker.java,org.apache.commons.math.optimization.SimpleScalarValueChecker,25,3,2,4,0.7,0,0,3,2,4,0.7,0,0,1,1,1,1,1,1,0,25,25,0,0,25,1,0,0,1,0
math\optimization\SimpleVectorialPointChecker.java,org.apache.commons.math.optimization.SimpleVectorialPointChecker,33,5,2,4,0.7,0,0,5,2,4,0.7,0,0,1,1,1,1,1,1,0,33,33,0,0,33,1,0,0,1,0
math\optimization\SimpleVectorialValueChecker.java,org.apache.commons.math.optimization.SimpleVectorialValueChecker,33,5,2,4,0.7,0,0,5,2,4,0.7,0,0,1,1,1,1,1,1,0,33,33,0,0,33,1,0,0,1,0
math\optimization\VectorialPointValuePair.java,org.apache.commons.math.optimization.VectorialPointValuePair,26,8,0,6,0.666666667,0,0,8,0,6,0.666666667,0,0,1,1,1,1,1,1,0,26,26,0,0,26,1,0,0,1,0
math\optimization\direct\DirectSearchOptimizer.java,org.apache.commons.math.optimization.direct.DirectSearchOptimizer,182,41,9,25,0.883333333,0,2,41,9,25,0.883333333,0,2,1,1,1,1,1,1,0,182,182,0,0,182,1,0,0,1,0
math\optimization\direct\MultiDirectional.java,org.apache.commons.math.optimization.direct.MultiDirectional,53,10,3,29,0.666666667,1,0,10,3,29,0.666666667,1,0,1,1,1,1,1,1,0,53,53,0,0,53,1,0,0,1,0
math\optimization\direct\NelderMead.java,org.apache.commons.math.optimization.direct.NelderMead,91,18,3,29,0.3,1,0,18,3,29,0.3,1,0,1,1,1,1,1,1,0,91,91,0,0,91,1,0,0,1,0
math\optimization\general\AbstractLeastSquaresOptimizer.java,org.apache.commons.math.optimization.general.AbstractLeastSquaresOptimizer,160,33,14,41,0.885416667,0,2,33,14,41,0.885416667,0,2,1,1,1,1,1,1,0,160,160,0,0,160,1,0,0,1,0
math\optimization\general\AbstractScalarDifferentiableOptimizer.java,org.apache.commons.math.optimization.general.AbstractScalarDifferentiableOptimizer,70,15,10,15,0.924242424,0,1,15,10,15,0.924242424,0,1,1,1,1,1,1,1,0,70,70,0,0,70,1,0,0,1,0
math\optimization\general\ConjugateGradientFormula.java,org.apache.commons.math.optimization.general.ConjugateGradientFormula,4,2,1,2,2,0,0,2,1,2,2,0,0,1,1,1,1,1,1,0,4,4,0,0,4,1,0,0,1,0
math\optimization\general\GaussNewtonOptimizer.java,org.apache.commons.math.optimization.general.GaussNewtonOptimizer,52,11,10,47,1,1,0,11,10,47,1,1,0,1,1,1,1,1,1,0,52,52,0,0,52,1,0,0,1,0
math\optimization\general\LevenbergMarquardtOptimizer.java,org.apache.commons.math.optimization.general.LevenbergMarquardtOptimizer,450,97,3,52,0.829059829,1,0,97,3,52,0.829059829,1,0,1,1,1,1,1,1,0,450,450,0,0,450,1,0,0,1,0
math\optimization\general\NonLinearConjugateGradientOptimizer.java,org.apache.commons.math.optimization.general.NonLinearConjugateGradientOptimizer,144,27,13,26,0.76,1,0,27,13,26,0.76,1,0,1,1,1,1,1,1,0,144,144,0,0,144,1,0,0,1,0
math\optimization\linear\AbstractLinearOptimizer.java,org.apache.commons.math.optimization.linear.AbstractLinearOptimizer,41,9,5,8,0.9375,0,1,9,5,8,0.9375,0,1,1,1,1,1,1,1,0,41,41,0,0,41,1,0,0,1,0
math\optimization\linear\LinearConstraint.java,org.apache.commons.math.optimization.linear.LinearConstraint,43,8,3,12,0.666666667,0,0,8,3,12,0.666666667,0,0,1,1,1,1,1,1,0,43,43,0,0,43,1,0,0,1,0
math\optimization\linear\LinearObjectiveFunction.java,org.apache.commons.math.optimization.linear.LinearObjectiveFunction,24,6,2,7,0.666666667,0,0,6,2,7,0.666666667,0,0,1,1,1,1,1,1,0,24,24,0,0,24,1,0,0,1,0
math\optimization\linear\NoFeasibleSolutionException.java,org.apache.commons.math.optimization.linear.NoFeasibleSolutionException,6,1,0,19,0,4,0,1,0,19,0,4,0,1,1,1,1,1,1,0,6,6,0,0,6,1,0,0,1,0
math\optimization\linear\Relationship.java,org.apache.commons.math.optimization.linear.Relationship,23,7,1,5,0.9375,0,0,7,1,5,0.9375,0,0,1,1,1,1,1,1,0,23,23,0,0,23,1,0,0,1,0
math\optimization\linear\SimplexSolver.java,org.apache.commons.math.optimization.linear.SimplexSolver,99,27,6,69,1,1,0,27,6,69,1,1,0,1,1,1,1,1,1,0,99,99,0,0,99,1,0,0,1,0
math\optimization\linear\SimplexTableau.java,org.apache.commons.math.optimization.linear.SimplexTableau,216,61,8,52,0.865740741,0,0,61,8,52,0.865740741,0,0,1,1,1,1,1,1,0,216,216,0,0,216,1,0,0,1,2
math\optimization\linear\UnboundedSolutionException.java,org.apache.commons.math.optimization.linear.UnboundedSolutionException,6,1,0,19,0,4,0,1,0,19,0,4,0,1,1,1,1,1,1,0,6,6,0,0,6,1,0,0,1,0
math\optimization\univariate\AbstractUnivariateRealOptimizer.java,org.apache.commons.math.optimization.univariate.AbstractUnivariateRealOptimizer,40,8,1,21,0.75,1,1,8,1,21,0.75,1,1,1,1,1,1,1,1,0,40,40,0,0,40,1,0,0,1,0
math\optimization\univariate\BrentOptimizer.java,org.apache.commons.math.optimization.univariate.BrentOptimizer,107,22,4,26,1.166666667,2,0,22,4,26,1.166666667,2,0,1,1,1,1,1,1,0,107,107,0,0,107,1,0,0,1,0
math\random\CorrelatedRandomVectorGenerator.java,org.apache.commons.math.random.CorrelatedRandomVectorGenerator,119,25,5,16,0.666666667,0,0,25,5,16,0.666666667,0,0,1,1,1,1,1,1,0,119,119,0,0,119,1,0,0,1,0
math\random\GaussianRandomGenerator.java,org.apache.commons.math.random.GaussianRandomGenerator,10,2,1,2,1,0,0,2,1,2,1,0,0,1,1,1,1,1,1,0,10,10,0,0,10,1,0,0,1,0
math\random\UncorrelatedRandomVectorGenerator.java,org.apache.commons.math.random.UncorrelatedRandomVectorGenerator,31,5,1,3,0.375,0,0,5,1,3,0.375,0,0,1,1,1,1,1,1,0,31,31,0,0,31,1,0,0,1,0
math\random\UniformRandomGenerator.java,org.apache.commons.math.random.UniformRandomGenerator,11,2,1,2,1,0,0,2,1,2,1,0,0,1,1,1,1,1,1,0,11,11,0,0,11,1,0,0,1,0
math\stat\correlation\Covariance.java,org.apache.commons.math.stat.correlation.Covariance,74,16,6,41,0.777777778,0,0,16,6,41,0.777777778,0,0,1,1,1,1,1,1,0,74,74,0,0,74,1,0,0,1,0
math\stat\correlation\PearsonsCorrelation.java,org.apache.commons.math.stat.correlation.PearsonsCorrelation,111,25,9,38,0.5,0,0,25,9,38,0.5,0,0,1,1,1,1,1,1,0,111,111,0,0,111,1,0,0,1,0
math\stat\descriptive\MultivariateSummaryStatistics.java,org.apache.commons.math.stat.descriptive.MultivariateSummaryStatistics,241,49,13,61,0.880519481,0,1,49,13,61,0.880519481,0,1,1,1,1,1,1,1,0,241,241,0,0,241,1,0,0,1,0
math\stat\descriptive\SynchronizedDescriptiveStatistics.java,org.apache.commons.math.stat.descriptive.SynchronizedDescriptiveStatistics,56,15,1,86,1.071428571,1,0,15,1,86,1.071428571,1,0,1,1,1,1,1,1,0,56,56,0,0,56,1,0,0,1,0
math\stat\descriptive\SynchronizedMultivariateSummaryStatistics.java,org.apache.commons.math.stat.descriptive.SynchronizedMultivariateSummaryStatistics,105,31,3,92,1.033333333,1,0,31,3,92,1.033333333,1,0,1,1,1,1,1,1,0,105,105,0,0,105,1,0,0,1,0
math\stat\descriptive\SynchronizedSummaryStatistics.java,org.apache.commons.math.stat.descriptive.SynchronizedSummaryStatistics,116,35,1,104,1.029411765,1,0,35,1,104,1.029411765,1,0,1,1,1,1,1,1,0,116,116,0,0,116,1,0,0,1,0
math\stat\descriptive\moment\VectorialCovariance.java,org.apache.commons.math.stat.descriptive.moment.VectorialCovariance,49,12,3,13,0.5,0,0,12,3,13,0.5,0,0,1,1,1,1,1,1,0,49,49,0,0,49,1,0,0,1,0
math\stat\descriptive\moment\VectorialMean.java,org.apache.commons.math.stat.descriptive.moment.VectorialMean,27,9,2,12,0.666666667,0,0,9,2,12,0.666666667,0,0,1,1,1,1,1,1,0,27,27,0,0,27,1,0,0,1,0
math\stat\inference\OneWayAnovaImpl.java,org.apache.commons.math.stat.inference.OneWayAnovaImpl,74,11,7,17,,0,0,11,7,17,,0,0,1,1,1,1,1,1,0,74,74,0,0,74,1,0,0,1,0
math\stat\regression\AbstractMultipleLinearRegression.java,org.apache.commons.math.stat.regression.AbstractMultipleLinearRegression,81,23,2,30,0.769230769,0,2,23,2,30,0.769230769,0,2,1,1,1,1,1,1,0,81,81,0,0,81,1,0,0,1,0
math\stat\regression\GLSMultipleLinearRegression.java,org.apache.commons.math.stat.regression.GLSMultipleLinearRegression,38,7,4,42,0.8,1,0,7,4,42,0.8,1,0,1,1,1,1,1,1,0,38,38,0,0,38,1,0,0,1,0
math\stat\regression\OLSMultipleLinearRegression.java,org.apache.commons.math.stat.regression.OLSMultipleLinearRegression,82,19,6,48,0.5,1,0,19,6,48,0.5,1,0,1,1,1,1,1,1,0,82,82,0,0,82,1,0,0,1,0
math\transform\FastCosineTransformer.java,org.apache.commons.math.transform.FastCosineTransformer,82,14,5,37,1.111111111,0,0,14,5,37,1.111111111,0,0,1,1,1,1,1,1,0,82,82,0,0,82,1,0,0,1,0
math\transform\FastFourierTransformer.java,org.apache.commons.math.transform.FastFourierTransformer,441,53,6,48,0.913043478,0,0,53,6,48,0.913043478,0,0,1,1,1,1,1,1,0,441,441,0,0,441,1,0,0,1,0
math\transform\FastHadamardTransformer.java,org.apache.commons.math.transform.FastHadamardTransformer,77,15,4,14,1.166666667,0,0,15,4,14,1.166666667,0,0,1,1,1,1,1,1,0,77,77,0,0,77,1,0,0,1,0
math\transform\FastSineTransformer.java,org.apache.commons.math.transform.FastSineTransformer,79,14,5,37,1.111111111,0,0,14,5,37,1.111111111,0,0,1,1,1,1,1,1,0,79,79,0,0,79,1,0,0,1,0
math\util\CompositeFormat.java,org.apache.commons.math.util.CompositeFormat,94,18,0,8,1.142857143,1,3,18,0,8,1.142857143,1,3,1,1,1,1,1,1,0,94,94,0,0,94,1,0,0,1,0
math\util\OpenIntToDoubleHashMap.java,org.apache.commons.math.util.OpenIntToDoubleHashMap,293,53,1,30,0.857971014,0,0,53,1,30,0.857971014,0,0,1,1,1,1,1,1,0,293,293,0,0,293,1,0,0,1,0
